<?xml version="1.0" encoding="UTF-8" ?>
<!DOCTYPE mapper PUBLIC "-//mybatis.org//DTD Mapper 3.0//EN" "http://mybatis.org/dtd/mybatis-3-mapper.dtd" >
<mapper namespace="com.onezero.zeromanage.mapper.RoleMapper">
    <resultMap id="roleRes" type="com.onezero.zeromanage.dto.Role">
        <id column="id" property="id"></id>
        <result column="rolename" property="roleName"></result>
        <result column="status" property="status"></result>
    </resultMap>

    <select id="selectAll" resultMap="roleRes">
        select id,rolename,status from oz_role
    </select>

    <select id="selectById" resultMap="roleRes">
        select id,rolename,status from oz_role  where id = #{id}
    </select>

    <insert id="addRole" parameterType="com.onezero.zeromanage.dto.Role">
        insert into oz_role (rolename)value(#{roleName})
    </insert>
    
    <update id="updateRole" parameterType="com.onezero.zeromanage.dto.Role">
        update oz_role set rolename = #{roleName},status = #{status} where id = #{id}
    </update>

    <delete id="deleteRole" parameterType="String">
        delete from  oz_role where id = #{id}
    </delete>
</mapper>